-- Team 8 
-- uta ids:1001933530, 1001945949
-- name:adit shah, jaykumar patel

--------------------------------------------------- //1)

 INSERT INTO F21_S001_8_PERSON VALUES('seldridge0@g.co','Saxon','Eldridge','17-May-2007','M','38696 Red Cloud Center',50,'Austin','Texas',78726  );
  INSERT INTO F21_S001_8_PERSON VALUES('astreight1@over-blog.coM','Aldridge','Streight','18-Jul-2016','M','73912 Bunting Hill',83214,'Tucson','Arizona',85725  );
  INSERT INTO F21_S001_8_PERSON VALUES('Ftrass2@independent.co.uk','Fletch','Trass','25-Aug-2006','M','23 FordeM Terrace',742,'Austin','Texas',78737  );
  INSERT INTO F21_S001_8_PERSON VALUES('FrosbothaM3@people.coM.cn','Fina','RosbothaM','27-Dec-2001','F','9026 Union Center',6597,'Denton','Texas',76205  );
  INSERT INTO F21_S001_8_PERSON VALUES('ssheards4@is.gd','StaFord','Sheards','01-Nov-1999','M','716 Doe Crossing Lane',93,'Brooklyn','New York',11247  );
 INSERT INTO F21_S001_8_PERSON VALUES ('sraMeaux5@bing.coM','Sullivan','RaMeaux','06-Feb-1998','M','56530 Coolidge Pass',9,'Lubbock','Texas',79415  );
  INSERT INTO F21_S001_8_PERSON VALUES('MFerrea6@163.coM','Mindy','Ferrea','06-Jan-2006','F','76616 ScoField Park',43,'El Paso','Texas',79999  );
  INSERT INTO F21_S001_8_PERSON VALUES('apatton7@archive.org','AlMire','Patton','26-Sep-2013','F','83 Linden Circle',55,'El Paso','Texas',79923  );
 INSERT INTO F21_S001_8_PERSON VALUES('asurMan8@coMcast.net','Alvira','SurMan','20-May-2003','F','7828 Onsgard Circle',674,'JaMaica','New York',11499  );
 INSERT INTO F21_S001_8_PERSON VALUES ('jholthaM9@qq.coM','Jonathan','HolthaM','18-Nov-2004','M','50 AMerican Hill',256,'El Paso','Texas',88563  );
 INSERT INTO F21_S001_8_PERSON VALUES ('tgethinsa@patch.coM','Tab','Gethins','27-Nov-1999','M','32258 Rigney Point',5,'Austin','Texas',78754  );
  INSERT INTO F21_S001_8_PERSON VALUES('dkilFoyleb@hc360.coM','Dotty','KilFoyle','10-Oct-2011','F','31778 Oriole Trail',49,'New York City','New York',10004  );
 INSERT INTO F21_S001_8_PERSON VALUES ('gdugMorec@google.Fr','Giuseppe','DugMore','24-Jan-1997','M','9686 AlgoMa Lane',89,'Scottsdale','Arizona',85271  );
 INSERT INTO F21_S001_8_PERSON VALUES ('scovertd@nasa.gov','Sherye','Covert','01-Sep-2018','F','6 Little Fleur Terrace',82775,'Tyler','Texas',75705  );
  INSERT INTO F21_S001_8_PERSON VALUES('aFranzelinie@seattletiMes.coM','Alberik','Franzelini','16-Jul-1996','M','4 OxFord Plaza',911,'El Paso','Texas',88579  );
  INSERT INTO F21_S001_8_PERSON VALUES('ehaberghaMF@netvibes.coM','Ealasaid','HaberghaM','13-May-2002','F','1522 Arapahoe Circle',7774,'Irving','Texas',75062  );
 -- INSERT INTO F21_S001_8_PERSON VALUES ('lpigotg@FriendFeed.coM','Lin','Pigot','15-Jan-2002','F','02 Londonderry Court',3585,'Albany','New York',12222  );
  INSERT INTO F21_S001_8_PERSON VALUES('agriMsdithh@Msu.edu','Adorne','GriMsdith','20-Mar-2003','F','2 Harper Hill',407,'Apache Junction','Arizona',85219  );
 INSERT INTO F21_S001_8_PERSON VALUES ('lprantonii@ehow.coM','Leonidas','Prantoni','21-Apr-1996','M','255 LoFtsgordon Point',97,'JaMaica','New York',11436  );
 INSERT INTO F21_S001_8_PERSON VALUES ('khesserj@va.gov','Katerine','Hesser','25-Feb-2021','F','5891 Park Meadow Junction',5386,'AMarillo','Texas',79165  );

insert into F21_S001_8_PERSON (EMAIL_ID, FNAME, LNAME, DOB, SEX, STREET, APARTMENT_NUMBER, CITY, STATE, ZIP) values ('lpreshaw0@archive.org', 'Linn', 'Preshaw', '16-Mar-2006', 'M', '6 Kings Circle', '40', 'Newport Beach', 'California', '92662');
insert into F21_S001_8_PERSON (EMAIL_ID, FNAME, LNAME, DOB, SEX, STREET, APARTMENT_NUMBER, CITY, STATE, ZIP) values ('bsiward1@51.la', 'Blane', 'Siward', '05-Sep-2000', 'M', '7 Dryden Road', '6572', 'Des Moines', 'Iowa', '50330');
insert into F21_S001_8_PERSON (EMAIL_ID, FNAME, LNAME, DOB, SEX, STREET, APARTMENT_NUMBER, CITY, STATE, ZIP) values ('gveysey2@dedecms.com', 'Gabi', 'Veysey', '31-Jul-2000', 'F', '976 Gina Park', '91598', 'Katy', 'Texas', '77493');
insert into F21_S001_8_PERSON (EMAIL_ID, FNAME, LNAME, DOB, SEX, STREET, APARTMENT_NUMBER, CITY, STATE, ZIP) values ('fswinney3@hhs.gov', 'Franchot', 'Swinney', '20-Dec-2018', 'M', '80771 Utah Street', '5', 'Syracuse', 'New York', '13217');
insert into F21_S001_8_PERSON (EMAIL_ID, FNAME, LNAME, DOB, SEX, STREET, APARTMENT_NUMBER, CITY, STATE, ZIP) values ('sbeak4@geocities.com', 'See', 'Beak', '09-Jan-2015', 'M', '7133 Lotheville Terrace', '276', 'Houston', 'Texas', '77299');
insert into F21_S001_8_PERSON (EMAIL_ID, FNAME, LNAME, DOB, SEX, STREET, APARTMENT_NUMBER, CITY, STATE, ZIP) values ('mszimoni5@weebly.com', 'Marsha', 'Szimoni', '07-Apr-2005', 'F', '95231 Springview Terrace', '6', 'San Jose', 'California', '95138');
insert into F21_S001_8_PERSON (EMAIL_ID, FNAME, LNAME, DOB, SEX, STREET, APARTMENT_NUMBER, CITY, STATE, ZIP) values ('mshillum6@virginia.edu', 'Missie', 'Shillum', '16-Dec-2015', 'F', '311 Prairie Rose Avenue', '8', 'Houston', 'Texas', '77005');
insert into F21_S001_8_PERSON (EMAIL_ID, FNAME, LNAME, DOB, SEX, STREET, APARTMENT_NUMBER, CITY, STATE, ZIP) values ('sespadero9@ca.gov', 'Sofie', 'Espadero', '03-Jun-2000', 'F', '51722 Northfield Terrace', '45342', 'Atlanta', 'Georgia', '31136');
insert into F21_S001_8_PERSON (EMAIL_ID, FNAME, LNAME, DOB, SEX, STREET, APARTMENT_NUMBER, CITY, STATE, ZIP) values ('epodda@wordpress.com', 'Evangelia', 'Podd', '27-Oct-2019', 'F', '7 Harper Alley', '43', 'Dallas', 'Texas', '75221');
insert into F21_S001_8_PERSON (EMAIL_ID, FNAME, LNAME, DOB, SEX, STREET, APARTMENT_NUMBER, CITY, STATE, ZIP) values ('sransleyc@google.es', 'Sigrid', 'Ransley', '12-Dec-2008', 'F', '1286 Menomonie Lane', '4773', 'San Luis Obispo', 'California', '93407');
insert into F21_S001_8_PERSON (EMAIL_ID, FNAME, LNAME, DOB, SEX, STREET, APARTMENT_NUMBER, CITY, STATE, ZIP) values ('jringrosed@microsoft.com', 'Joly', 'Ringrose', '02-Aug-2003', 'F', '498 Old Gate Lane', '4', 'Los Angeles', 'California', '90189');
insert into F21_S001_8_PERSON (EMAIL_ID, FNAME, LNAME, DOB, SEX, STREET, APARTMENT_NUMBER, CITY, STATE, ZIP) values ('bcarthewe@gov.uk', 'Benoit', 'Carthew', '19-Jun-2000', 'M', '28 2nd Road', '46', 'Albany', 'Georgia', '31704');
insert into F21_S001_8_PERSON (EMAIL_ID, FNAME, LNAME, DOB, SEX, STREET, APARTMENT_NUMBER, CITY, STATE, ZIP) values ('lkeerf@ezinearticles.com', 'Lindon', 'Keer', '29-Feb-2020', 'M', '034 Ramsey Trail', '4554', 'Chicago', 'Illinois', '60691');
insert into F21_S001_8_PERSON (EMAIL_ID, FNAME, LNAME, DOB, SEX, STREET, APARTMENT_NUMBER, CITY, STATE, ZIP) values ('sbrentnallg@phoca.cz', 'Stearn', 'Brentnall', '13-May-2015', 'M', '37 Comanche Crossing', '98', 'Tampa', 'Florida', '33686');
insert into F21_S001_8_PERSON (EMAIL_ID, FNAME, LNAME, DOB, SEX, STREET, APARTMENT_NUMBER, CITY, STATE, ZIP) values ('deastlakeh@mayoclinic.com', 'Danyelle', 'Eastlake', '12-Mar-2014', 'F', '895 East Avenue', '0', 'Hagerstown', 'Maryland', '21747');

----------------------------------------------------- 2)
INSERT INTO F21_S001_8_PERSON_CONTACT (EMAIL_ID,PHONE_NUMBER) VALUES ('FrosbothaM3@people.coM.cn',8296388205  );
INSERT INTO F21_S001_8_PERSON_CONTACT  (EMAIL_ID,PHONE_NUMBER) VALUES ('Ftrass2@independent.co.uk',2222535360  );
INSERT INTO F21_S001_8_PERSON_CONTACT (EMAIL_ID,PHONE_NUMBER) VALUES ('MFerrea6@163.coM',3948396191  );
INSERT INTO F21_S001_8_PERSON_CONTACT (EMAIL_ID,PHONE_NUMBER) VALUES ('agriMsdithh@Msu.edu',1286302725  );
INSERT INTO F21_S001_8_PERSON_CONTACT (EMAIL_ID,PHONE_NUMBER) VALUES ('apatton7@archive.org',2928988915  );
INSERT INTO F21_S001_8_PERSON_CONTACT (EMAIL_ID,PHONE_NUMBER) VALUES  ('astreight1@over-blog.coM',3037855904  );
INSERT INTO F21_S001_8_PERSON_CONTACT (EMAIL_ID,PHONE_NUMBER) VALUES ('asurMan8@coMcast.net',6383837993  );
INSERT INTO F21_S001_8_PERSON_CONTACT (EMAIL_ID,PHONE_NUMBER) VALUES ('dkilFoyleb@hc360.coM',9206786135  );
INSERT INTO F21_S001_8_PERSON_CONTACT (EMAIL_ID,PHONE_NUMBER) VALUES ('ehaberghaMF@netvibes.coM',4015722391  );
INSERT INTO F21_S001_8_PERSON_CONTACT (EMAIL_ID,PHONE_NUMBER) VALUES ('gdugMorec@google.Fr',6048680426  );
INSERT INTO F21_S001_8_PERSON_CONTACT (EMAIL_ID,PHONE_NUMBER) VALUES ('jholthaM9@qq.coM',2026087631  );
INSERT INTO F21_S001_8_PERSON_CONTACT (EMAIL_ID,PHONE_NUMBER) VALUES ('khesserj@va.gov',3978336757  );
-- INSERT INTO F21_S001_8_PERSON_CONTACT (EMAIL_ID,PHONE_NUMBER) VALUES('lpigotg@FriendFeed.coM',5806767080  );
INSERT INTO F21_S001_8_PERSON_CONTACT (EMAIL_ID,PHONE_NUMBER) VALUES ('lprantonii@ehow.coM',8501278028  );
INSERT INTO F21_S001_8_PERSON_CONTACT(EMAIL_ID,PHONE_NUMBER)  VALUES ('scovertd@nasa.gov',9896610577  );
INSERT INTO F21_S001_8_PERSON_CONTACT (EMAIL_ID,PHONE_NUMBER) VALUES ('seldridge0@g.co',5927959397  );
INSERT INTO F21_S001_8_PERSON_CONTACT (EMAIL_ID,PHONE_NUMBER) VALUES ('sraMeaux5@bing.coM',6294228642  );
INSERT INTO F21_S001_8_PERSON_CONTACT (EMAIL_ID,PHONE_NUMBER) VALUES ('ssheards4@is.gd',9273419346  );
INSERT INTO F21_S001_8_PERSON_CONTACT (EMAIL_ID,PHONE_NUMBER) VALUES('tgethinsa@patch.coM',1018049273  );
INSERT INTO F21_S001_8_PERSON_CONTACT (EMAIL_ID,PHONE_NUMBER) VALUES ('bwarmanj@godaddy.com',3268193741  );
-----------------------------3)
insert  into f21_s001_8_membership_plan VALUES(1000000001,'GENERAL PLAN','250$','Fitness Room');
insert  into f21_s001_8_membership_plan VALUES(1000000002,'MAGENTA','500$','Pool,Fitness Room');
insert  into f21_s001_8_membership_plan VALUES(1000000003,'MAGENTA ULTRA','750$','Tennis,Pool,Fitness Room,Activities and Events,Clubhouse');
---------------------------4)
INSERT INTO F21_S001_8_MEMBER(MEMBER_ID,EMAIL_ID,PLAN_ID) VALUES (8579150035,'FrosbothaM3@people.coM.cn',1000000001);
INSERT INTO F21_S001_8_MEMBER(MEMBER_ID,EMAIL_ID,PLAN_ID) VALUES (8579157935,'Ftrass2@independent.co.uk',1000000001);
INSERT INTO F21_S001_8_MEMBER(MEMBER_ID,EMAIL_ID,PLAN_ID) VALUES (3107629596,'MFerrea6@163.coM',1000000003);
INSERT INTO F21_S001_8_MEMBER(MEMBER_ID,EMAIL_ID,PLAN_ID) VALUES (4725252638,'agriMsdithh@Msu.edu',1000000001);
INSERT INTO F21_S001_8_MEMBER(MEMBER_ID,EMAIL_ID,PLAN_ID) VALUES (8022423645,'apatton7@archive.org',1000000002);
INSERT INTO F21_S001_8_MEMBER(MEMBER_ID,EMAIL_ID,PLAN_ID) VALUES (2147152242,'astreight1@over-blog.coM',1000000001);
INSERT INTO F21_S001_8_MEMBER(MEMBER_ID,EMAIL_ID,PLAN_ID) VALUES (8078927193,'asurMan8@coMcast.net',1000000002);
INSERT INTO F21_S001_8_MEMBER(MEMBER_ID,EMAIL_ID,PLAN_ID) VALUES (9298994532,'dkilFoyleb@hc360.coM',1000000003);
INSERT INTO F21_S001_8_MEMBER(MEMBER_ID,EMAIL_ID,PLAN_ID) VALUES (1856029654,'ehaberghaMF@netvibes.coM',1000000001);
INSERT INTO F21_S001_8_MEMBER(MEMBER_ID,EMAIL_ID,PLAN_ID) VALUES (2332482431,'gdugMorec@google.Fr',1000000003);
INSERT INTO F21_S001_8_MEMBER(MEMBER_ID,EMAIL_ID,PLAN_ID) VALUES (5771274003,'jholthaM9@qq.coM',1000000002);
INSERT INTO F21_S001_8_MEMBER(MEMBER_ID,EMAIL_ID,PLAN_ID) VALUES (8344316324,'khesserj@va.gov',1000000001);
-- INSERT INTO F21_S001_8_MEMBER(MEMBER_ID,EMAIL_ID,PLAN_ID) VALUES (4516633361,'lpigotg@FriendFeed.coM',1000000001);
INSERT INTO F21_S001_8_MEMBER(MEMBER_ID,EMAIL_ID,PLAN_ID) VALUES (6838839822,'lprantonii@ehow.coM',1000000002);
INSERT INTO F21_S001_8_MEMBER(MEMBER_ID,EMAIL_ID,PLAN_ID) VALUES (6528646023,'scovertd@nasa.gov',1000000001);
INSERT INTO F21_S001_8_MEMBER(MEMBER_ID,EMAIL_ID,PLAN_ID) VALUES (9425217726,'seldridge0@g.co',1000000003);
INSERT INTO F21_S001_8_MEMBER(MEMBER_ID,EMAIL_ID,PLAN_ID) VALUES (7465196094,'sraMeaux5@bing.coM',1000000001);
INSERT INTO F21_S001_8_MEMBER(MEMBER_ID,EMAIL_ID,PLAN_ID) VALUES (5987583225,'ssheards4@is.gd',1000000002);
INSERT INTO F21_S001_8_MEMBER(MEMBER_ID,EMAIL_ID,PLAN_ID) VALUES (5924859002,'tgethinsa@patch.coM',1000000001);
------------------------5)
INSERT INTO F21_S001_8_SPORTS_FACILITY VALUES (1000001111,'Soccer' , '09-APR-2018');
INSERT INTO F21_S001_8_SPORTS_FACILITY VALUES (1000001112,'Basketball' , '09-FEB-2018');
INSERT INTO F21_S001_8_SPORTS_FACILITY VALUES (1000001113,'Tennis' ,'20-MAR-2020' );
INSERT INTO F21_S001_8_SPORTS_FACILITY VALUES(1000001114,'Baseball' ,'31-JAN-2021' );
INSERT INTO F21_S001_8_SPORTS_FACILITY VALUES(1000001115,'Golf','03-JUN-2021'  );
INSERT INTO F21_S001_8_SPORTS_FACILITY VALUES(1000001116,'Running' ,'26-DEC-2019' );
INSERT INTO F21_S001_8_SPORTS_FACILITY VALUES(1000001117,'Volleyball','30-NOV-2021'  );
INSERT INTO F21_S001_8_SPORTS_FACILITY VALUES(1000001118,'Badminton' ,'21-OCT-2021' );
INSERT INTO F21_S001_8_SPORTS_LOCATION_ID VALUES (1000001111,'SOC-1,SOC-2'  );
INSERT INTO F21_S001_8_SPORTS_LOCATION_ID VALUES (1000001112,'BBC-1,BBC-2,BBC-3'  );
INSERT INTO F21_S001_8_SPORTS_LOCATION_ID VALUES (1000001113,'T-1,T-2'  );
INSERT INTO F21_S001_8_SPORTS_LOCATION_ID VALUES (1000001114,'BB-1'  );
INSERT INTO F21_S001_8_SPORTS_LOCATION_ID VALUES (1000001115,'G-1,G-2,G-3'  );
INSERT INTO F21_S001_8_SPORTS_LOCATION_ID VALUES (1000001116,'RN-1'  );
INSERT INTO F21_S001_8_SPORTS_LOCATION_ID VALUES (1000001117,'VB-1,VB-2,VB-3'  );
INSERT INTO F21_S001_8_SPORTS_LOCATION_ID VALUES (1000001118,'BD-1,BD-2,BD-3'  );
----------------------7)
INSERT INTO F21_S001_8_EQUIPMENT_MAINTANENCE(EQUIPMENT_ID,SPORT_ID,EQUIPMENT_NAME,CONDITION,AVAILABILITY) VALUES (5230612134,1000001112,'BASKET-BALL','B','N');
INSERT INTO F21_S001_8_EQUIPMENT_MAINTANENCE(EQUIPMENT_ID,SPORT_ID,EQUIPMENT_NAME,CONDITION,AVAILABILITY) VALUES (935688625,1000001118,'SHUTTER','B','Y');
INSERT INTO F21_S001_8_EQUIPMENT_MAINTANENCE(EQUIPMENT_ID,SPORT_ID,EQUIPMENT_NAME,CONDITION,AVAILABILITY) VALUES (4030758517,1000001112,'BASKET-BALL','G','Y');
INSERT INTO F21_S001_8_EQUIPMENT_MAINTANENCE(EQUIPMENT_ID,SPORT_ID,EQUIPMENT_NAME,CONDITION,AVAILABILITY) VALUES (3398250599,1000001118,'SHUTTER','B','Y');
INSERT INTO F21_S001_8_EQUIPMENT_MAINTANENCE(EQUIPMENT_ID,SPORT_ID,EQUIPMENT_NAME,CONDITION,AVAILABILITY) VALUES (9548099373,1000001112,'BASKET-BALL','B','Y');
INSERT INTO F21_S001_8_EQUIPMENT_MAINTANENCE(EQUIPMENT_ID,SPORT_ID,EQUIPMENT_NAME,CONDITION,AVAILABILITY) VALUES (1218950897,1000001118,'COCK','B','Y');
INSERT INTO F21_S001_8_EQUIPMENT_MAINTANENCE(EQUIPMENT_ID,SPORT_ID,EQUIPMENT_NAME,CONDITION,AVAILABILITY) VALUES (4723193421,1000001115,'STICK','M','N');
INSERT INTO F21_S001_8_EQUIPMENT_MAINTANENCE(EQUIPMENT_ID,SPORT_ID,EQUIPMENT_NAME,CONDITION,AVAILABILITY) VALUES (2913141137,1000001118,'SHUTTER','G','Y');
INSERT INTO F21_S001_8_EQUIPMENT_MAINTANENCE(EQUIPMENT_ID,SPORT_ID,EQUIPMENT_NAME,CONDITION,AVAILABILITY) VALUES (2213730334,1000001113,'TENNIS-RACKET','M','N');
INSERT INTO F21_S001_8_EQUIPMENT_MAINTANENCE(EQUIPMENT_ID,SPORT_ID,EQUIPMENT_NAME,CONDITION,AVAILABILITY) VALUES (3297532564,1000001111,'SOCCER-BALL','B','N');
INSERT INTO F21_S001_8_EQUIPMENT_MAINTANENCE(EQUIPMENT_ID,SPORT_ID,EQUIPMENT_NAME,CONDITION,AVAILABILITY) VALUES (1304383229,1000001113,'TENNIS-BALL','B','Y');
INSERT INTO F21_S001_8_EQUIPMENT_MAINTANENCE(EQUIPMENT_ID,SPORT_ID,EQUIPMENT_NAME,CONDITION,AVAILABILITY) VALUES (518823415,1000001111,'SOCCER-BALL','G','N');
INSERT INTO F21_S001_8_EQUIPMENT_MAINTANENCE(EQUIPMENT_ID,SPORT_ID,EQUIPMENT_NAME,CONDITION,AVAILABILITY) VALUES (3163787622,1000001115,'GOLF-BALL','G','N');
INSERT INTO F21_S001_8_EQUIPMENT_MAINTANENCE(EQUIPMENT_ID,SPORT_ID,EQUIPMENT_NAME,CONDITION,AVAILABILITY) VALUES (2471843018,1000001113,'TENNIS-RACKET','G','Y');
INSERT INTO F21_S001_8_EQUIPMENT_MAINTANENCE(EQUIPMENT_ID,SPORT_ID,EQUIPMENT_NAME,CONDITION,AVAILABILITY) VALUES (5212871700,1000001111,'SOCCER-BALL','G','Y');
INSERT INTO F21_S001_8_EQUIPMENT_MAINTANENCE(EQUIPMENT_ID,SPORT_ID,EQUIPMENT_NAME,CONDITION,AVAILABILITY) VALUES (2052541004,1000001116,'TRACK','G','Y');
INSERT INTO F21_S001_8_EQUIPMENT_MAINTANENCE(EQUIPMENT_ID,SPORT_ID,EQUIPMENT_NAME,CONDITION,AVAILABILITY) VALUES (9339625161,1000001115,'STICK','G','Y');
INSERT INTO F21_S001_8_EQUIPMENT_MAINTANENCE(EQUIPMENT_ID,SPORT_ID,EQUIPMENT_NAME,CONDITION,AVAILABILITY) VALUES (3502204675,1000001117,'VOLLY-BALL','G','Y');
-----------------------------8)
INSERT INTO F21_S001_8_EMPLOYEE(EMPLOYEE_ID,SALARY,EMAIL_ID) VALUES (2251713980,'25','bsiward1@51.la');
INSERT INTO F21_S001_8_EMPLOYEE(EMPLOYEE_ID,SALARY,EMAIL_ID) VALUES (7270920265,'40','fmccard2@nyu.edu');
INSERT INTO F21_S001_8_EMPLOYEE(EMPLOYEE_ID,SALARY,EMAIL_ID) VALUES (1839761229,'15','gveysey2@dedecms.com');
-- INSERT INTO F21_S001_8_EMPLOYEE(EMPLOYEE_ID,SALARY,EMAIL_ID) VALUES (8982077111,'15','tposkitt4@sourceforge.net');
INSERT INTO F21_S001_8_EMPLOYEE(EMPLOYEE_ID,SALARY,EMAIL_ID) VALUES (7981009006,'15','fswinney3@hhs.gov');
INSERT INTO F21_S001_8_EMPLOYEE(EMPLOYEE_ID,SALARY,EMAIL_ID) VALUES (6497116435,'25','sbeak4@geocities.com');
INSERT INTO F21_S001_8_EMPLOYEE(EMPLOYEE_ID,SALARY,EMAIL_ID) VALUES (7823131102,'25','mszimoni5@weebly.com');
INSERT INTO F21_S001_8_EMPLOYEE(EMPLOYEE_ID,SALARY,EMAIL_ID) VALUES (9912845595,'25','mshillum6@virginia.edu');
INSERT INTO F21_S001_8_EMPLOYEE(EMPLOYEE_ID,SALARY,EMAIL_ID) VALUES (2066039268,'25','sespadero9@ca.gov');
INSERT INTO F21_S001_8_EMPLOYEE(EMPLOYEE_ID,SALARY,EMAIL_ID) VALUES (7699501713,'40','epodda@wordpress.com');
INSERT INTO F21_S001_8_EMPLOYEE(EMPLOYEE_ID,SALARY,EMAIL_ID) VALUES (4121851862,'40','sransleyc@google.es');
INSERT INTO F21_S001_8_EMPLOYEE(EMPLOYEE_ID,SALARY,EMAIL_ID) VALUES (2075509603,'15','jringrosed@microsoft.com');
INSERT INTO F21_S001_8_EMPLOYEE(EMPLOYEE_ID,SALARY,EMAIL_ID) VALUES (5645683048,'15','bcarthewe@gov.uk');
INSERT INTO F21_S001_8_EMPLOYEE(EMPLOYEE_ID,SALARY,EMAIL_ID) VALUES (7644648658,'15','lkeerf@ezinearticles.com');
INSERT INTO F21_S001_8_EMPLOYEE(EMPLOYEE_ID,SALARY,EMAIL_ID) VALUES (5311283904,'25','sbrentnallg@phoca.cz');
INSERT INTO F21_S001_8_EMPLOYEE(EMPLOYEE_ID,SALARY,EMAIL_ID) VALUES (4704483800,'15','deastlakeh@mayoclinic.com');
---------9)
INSERT INTO F21_S001_8_SPORTS_SCHEDULE(EVENT_ID,EVENT_NAME,SPORT_ID,LOCATION_ID,START_TIME,EVENT_MANAGER_ID) VALUES (4880828254,'Collins, Hodkiewicz and Rodriguez',1000001112,'BBC-1','18-Jan-21',7699501713);
INSERT INTO F21_S001_8_SPORTS_SCHEDULE(EVENT_ID,EVENT_NAME,SPORT_ID,LOCATION_ID,START_TIME,EVENT_MANAGER_ID) VALUES (4629422285,'Kessler-Streich',1000001113,'T-2','26-May-21',4121851862);
INSERT INTO F21_S001_8_SPORTS_SCHEDULE(EVENT_ID,EVENT_NAME,SPORT_ID,LOCATION_ID,START_TIME,EVENT_MANAGER_ID) VALUES (7839982409,'Hyatt, Swaniawski and Crooks',1000001114,'SOC-1','30-Aug-21',7270920265);
INSERT INTO F21_S001_8_SPORTS_SCHEDULE(EVENT_ID,EVENT_NAME,SPORT_ID,LOCATION_ID,START_TIME,EVENT_MANAGER_ID) VALUES (8425050413,'Christiansen and Sons',1000001115,'BB-1','21-Jul-21',7270920265);
INSERT INTO F21_S001_8_SPORTS_SCHEDULE(EVENT_ID,EVENT_NAME,SPORT_ID,LOCATION_ID,START_TIME,EVENT_MANAGER_ID) VALUES (4127843381,'Moore, Hahn and Oberbrunner',1000001116,'G-1','13-May-21',7699501713);
INSERT INTO F21_S001_8_SPORTS_SCHEDULE(EVENT_ID,EVENT_NAME,SPORT_ID,LOCATION_ID,START_TIME,EVENT_MANAGER_ID) VALUES (2033047814,'Heidenreich Inc',1000001117,'RN-1','1-Dec-21',4121851862);
INSERT INTO F21_S001_8_SPORTS_SCHEDULE(EVENT_ID,EVENT_NAME,SPORT_ID,LOCATION_ID,START_TIME,EVENT_MANAGER_ID) VALUES (1166423131,'Howell, Lowe and Swift',1000001118,'SOC-1','4-May-21',7270920265);
INSERT INTO F21_S001_8_SPORTS_SCHEDULE(EVENT_ID,EVENT_NAME,SPORT_ID,LOCATION_ID,START_TIME,EVENT_MANAGER_ID) VALUES (5086987733,'Lowe Group',1000001111,'VB-1','12-Sep-21',7699501713);
INSERT INTO F21_S001_8_SPORTS_SCHEDULE(EVENT_ID,EVENT_NAME,SPORT_ID,LOCATION_ID,START_TIME,EVENT_MANAGER_ID) VALUES (4053947723,'Tillman-Gleichner',1000001112,'BBC-1','17-Nov-21',4121851862);
INSERT INTO F21_S001_8_SPORTS_SCHEDULE(EVENT_ID,EVENT_NAME,SPORT_ID,LOCATION_ID,START_TIME,EVENT_MANAGER_ID) VALUES (6948051707,'Lebsack Group',1000001113,'VB-1','28-Jul-21',7270920265);
INSERT INTO F21_S001_8_SPORTS_SCHEDULE(EVENT_ID,EVENT_NAME,SPORT_ID,LOCATION_ID,START_TIME,EVENT_MANAGER_ID) VALUES (5114057251,'Nicolas, Mueller and Hills',1000001114,'G-1','30-Jun-21',7699501713);
INSERT INTO F21_S001_8_SPORTS_SCHEDULE(EVENT_ID,EVENT_NAME,SPORT_ID,LOCATION_ID,START_TIME,EVENT_MANAGER_ID) VALUES (5446006127,'Pollich, Volkman and Spencer',1000001115,'BB-1','12-May-21',4121851862);
INSERT INTO F21_S001_8_SPORTS_SCHEDULE(EVENT_ID,EVENT_NAME,SPORT_ID,LOCATION_ID,START_TIME,EVENT_MANAGER_ID) VALUES (634388908,'Stoltenberg-Toy',1000001116,'VB-1','28-Aug-21',7699501713);
INSERT INTO F21_S001_8_SPORTS_SCHEDULE(EVENT_ID,EVENT_NAME,SPORT_ID,LOCATION_ID,START_TIME,EVENT_MANAGER_ID) VALUES (3477041356,'Kassulke-Towne',1000001117,'SOC-1','15-Dec-21',4121851862);
INSERT INTO F21_S001_8_SPORTS_SCHEDULE(EVENT_ID,EVENT_NAME,SPORT_ID,LOCATION_ID,START_TIME,EVENT_MANAGER_ID) VALUES (6726613296,'Casper-Paucek',1000001118,'BBC-1','19-Sep-21', 4121851862);
INSERT INTO F21_S001_8_SPORTS_SCHEDULE(EVENT_ID,EVENT_NAME,SPORT_ID,LOCATION_ID,START_TIME,EVENT_MANAGER_ID) VALUES (396511112,'Cremin LLC',1000001111,'G-1','26-Sep-21',7270920265);
INSERT INTO F21_S001_8_SPORTS_SCHEDULE(EVENT_ID,EVENT_NAME,SPORT_ID,LOCATION_ID,START_TIME,EVENT_MANAGER_ID) VALUES (9299962049,'Stehr, Conroy and Steuber',1000001112,'RN-1','30-Sep-21',7699501713);
INSERT INTO F21_S001_8_SPORTS_SCHEDULE(EVENT_ID,EVENT_NAME,SPORT_ID,LOCATION_ID,START_TIME,EVENT_MANAGER_ID) VALUES (2309905402,'Osinski and Sons',1000001113,'T-2','18-Mar-21',4121851862);
-- INSERT INTO F21_S001_8_SPORTS_SCHEDULE(EVENT_ID,EVENT_NAME,SPORT_ID,LOCATION_ID,START_TIME,EVENT_MANAGER_ID) VALUES (7512187440,'Ferry Group',1000001114,'VB-1','16-Oct-21',7699501713);
--------------10
INSERT INTO F21_S001_8_EVENT_TICKET_SALES(EVENT_ID,PRICE,TOTAL,SALES) VALUES (4880828254,25,152,3800);
INSERT INTO F21_S001_8_EVENT_TICKET_SALES(EVENT_ID,PRICE,TOTAL,SALES) VALUES (4629422285,30,20,600);
INSERT INTO F21_S001_8_EVENT_TICKET_SALES(EVENT_ID,PRICE,TOTAL,SALES) VALUES (7839982409,35,56,1960);
INSERT INTO F21_S001_8_EVENT_TICKET_SALES(EVENT_ID,PRICE,TOTAL,SALES) VALUES (8425050413,25,140,3500);
INSERT INTO F21_S001_8_EVENT_TICKET_SALES(EVENT_ID,PRICE,TOTAL,SALES) VALUES (4127843381,30,39,1170);
INSERT INTO F21_S001_8_EVENT_TICKET_SALES(EVENT_ID,PRICE,TOTAL,SALES) VALUES (2033047814,35,56,1960);
INSERT INTO F21_S001_8_EVENT_TICKET_SALES(EVENT_ID,PRICE,TOTAL,SALES) VALUES (1166423131,40,80,3200);
INSERT INTO F21_S001_8_EVENT_TICKET_SALES(EVENT_ID,PRICE,TOTAL,SALES) VALUES (5086987733,40,135,5400);
INSERT INTO F21_S001_8_EVENT_TICKET_SALES(EVENT_ID,PRICE,TOTAL,SALES) VALUES (4053947723,45,56,2520);
INSERT INTO F21_S001_8_EVENT_TICKET_SALES(EVENT_ID,PRICE,TOTAL,SALES) VALUES (6948051707,5,150,750);
INSERT INTO F21_S001_8_EVENT_TICKET_SALES(EVENT_ID,PRICE,TOTAL,SALES) VALUES (5114057251,30,37,1110);
INSERT INTO F21_S001_8_EVENT_TICKET_SALES(EVENT_ID,PRICE,TOTAL,SALES) VALUES (5446006127,35,80,2800);
INSERT INTO F21_S001_8_EVENT_TICKET_SALES(EVENT_ID,PRICE,TOTAL,SALES) VALUES (634388908,55,60,3300);
INSERT INTO F21_S001_8_EVENT_TICKET_SALES(EVENT_ID,PRICE,TOTAL,SALES) VALUES (3477041356,40,60,2400);
INSERT INTO F21_S001_8_EVENT_TICKET_SALES(EVENT_ID,PRICE,TOTAL,SALES) VALUES (6726613296,5,42,210);
INSERT INTO F21_S001_8_EVENT_TICKET_SALES(EVENT_ID,PRICE,TOTAL,SALES) VALUES (396511112,45,62,2790);
INSERT INTO F21_S001_8_EVENT_TICKET_SALES(EVENT_ID,PRICE,TOTAL,SALES) VALUES (9299962049,20,9,180);
INSERT INTO F21_S001_8_EVENT_TICKET_SALES(EVENT_ID,PRICE,TOTAL,SALES) VALUES (2309905402,25,26,650);
INSERT INTO F21_S001_8_EVENT_TICKET_SALES(EVENT_ID,PRICE,TOTAL,SALES) VALUES (7512187440,15,16,240);
----------------------11
insert INTO F21_S001_8_MEMBER_ACTIVITY(MEMBER_ID, EQUIPMENT_ID, SPORT_ID,EQUIPMENT_CHECKIN,EQUIPMENT_CHECKOUT) VALUES(8579157935,5230612134,1000001112,'18-MAR-2020 1:11','18-MAR-2020 3:41');
insert INTO F21_S001_8_MEMBER_ACTIVITY(MEMBER_ID, EQUIPMENT_ID, SPORT_ID,EQUIPMENT_CHECKIN,EQUIPMENT_CHECKOUT) VALUES(3107629596,1218950897,1000001118,'21-MAR-2020 7:11 ','18-MAR-2020 8:00');
insert INTO F21_S001_8_MEMBER_ACTIVITY(MEMBER_ID, EQUIPMENT_ID, SPORT_ID,EQUIPMENT_CHECKIN,EQUIPMENT_CHECKOUT) VALUES(4725252638,4723193421,1000001118,'26-JAN-2020 1:05','26-JAN-2020 1:45');
insert INTO F21_S001_8_MEMBER_ACTIVITY(MEMBER_ID, EQUIPMENT_ID, SPORT_ID,EQUIPMENT_CHECKIN,EQUIPMENT_CHECKOUT) VALUES(8022423645,2913141137,1000001115,'28-FEB-2020 05:03','28-FEB-2020 05:55');
insert INTO F21_S001_8_MEMBER_ACTIVITY(MEMBER_ID, EQUIPMENT_ID, SPORT_ID,EQUIPMENT_CHECKIN,EQUIPMENT_CHECKOUT) VALUES(9298994532,2213730334,1000001118,'11-MAR-2020 2:51','11-MAR-2020 3:50');
insert INTO F21_S001_8_MEMBER_ACTIVITY(MEMBER_ID, EQUIPMENT_ID, SPORT_ID,EQUIPMENT_CHECKIN,EQUIPMENT_CHECKOUT) VALUES(1856029654,3297532564,1000001118,'02-MAY-2020 1:11','02-MAY-2020 2:50');
insert INTO F21_S001_8_MEMBER_ACTIVITY(MEMBER_ID, EQUIPMENT_ID, SPORT_ID,EQUIPMENT_CHECKIN,EQUIPMENT_CHECKOUT) VALUES(2332482431,1304383229,1000001113,'09-MAR-2020 1:31','09-MAR-2020 1:45');
insert INTO F21_S001_8_MEMBER_ACTIVITY(MEMBER_ID, EQUIPMENT_ID, SPORT_ID,EQUIPMENT_CHECKIN,EQUIPMENT_CHECKOUT) VALUES(5771274003,518823415,1000001111,'30-AUG-2020 6:36','30-AUG-2020 8:03');
insert INTO F21_S001_8_MEMBER_ACTIVITY(MEMBER_ID, EQUIPMENT_ID, SPORT_ID,EQUIPMENT_CHECKIN,EQUIPMENT_CHECKOUT) VALUES(8344316324,3163787622,1000001113,'15-AUG-2020 6:50','15-AUG-2020 7:15');
insert INTO F21_S001_8_MEMBER_ACTIVITY(MEMBER_ID, EQUIPMENT_ID, SPORT_ID,EQUIPMENT_CHECKIN,EQUIPMENT_CHECKOUT) VALUES(6838839822,2471843018,1000001115,'20-DEC-2020 8:11','20-DEC-2020 8:45');
-- insert INTO F21_S001_8_MEMBER_ACTIVITY(MEMBER_ID, EQUIPMENT_ID, SPORT_ID,EQUIPMENT_CHECKIN,EQUIPMENT_CHECKOUT) VALUES(8022423645,5212871700,1000001113,'25-NOV-2020 10:10','25-NOV-2020 10:50');
-- insert INTO F21_S001_8_MEMBER_ACTIVITY(MEMBER_ID, EQUIPMENT_ID, SPORT_ID,EQUIPMENT_CHECKIN,EQUIPMENT_CHECKOUT) VALUES(9425217726,2052541004,1000001116,'30-JUN-2020 03:50','30-JUN-2020 05:15');
-- insert INTO F21_S001_8_MEMBER_ACTIVITY(MEMBER_ID, EQUIPMENT_ID, SPORT_ID,EQUIPMENT_CHECKIN,EQUIPMENT_CHECKOUT) VALUES(5987583225,9339625161,1000001115,'31-JUL-2020 4:11','31-JUL-2020 5:06');
-- insert INTO F21_S001_8_MEMBER_ACTIVITY(MEMBER_ID, EQUIPMENT_ID, SPORT_ID,EQUIPMENT_CHECKIN,EQUIPMENT_CHECKOUT) VALUES(2332482431,3502204675,1000001117,'04-APR-2020 6:51','04-APR-2020 7:15');

